country,iso3c,cpi,region,gdp,population,school_enroll,area,democracy
Afghanistan,AFG,24,AP,1673.96405892148,41128771,57.0392990112305,652860,0.082
Albania,ALB,36,ECA,18551.716479374,2775634,95.7034072875977,28750,0.484
United Arab Emirates,ARE,67,MENA,87729.1912638061,9441129,120.353652954102,98647.9,0.101
Angola,AGO,33,SSA,6973.69629889611,35588987,53.5814514160156,1246700,0.344
Argentina,ARG,38,AME,26504.5905619696,46234830,116.559448242188,2780400,0.823
Armenia,ARM,46,ECA,18941.5268080528,2780469,96.8645629882812,29740,0.645
Australia,AUS,75,AP,62625.357642365,25978935,135.526565551758,7741220,0.858
Austria,AUT,71,WE/EU,67935.8479736373,9042528,102.307662963867,83879,0.794
Azerbaijan,AZE,23,ECA,17764.4455885439,10175016,80.630500793457,86600,0.188
Israel,ISR,63,MENA,49509.1289935125,9550600,96.9270782470703,22070,0.723
Bangladesh,BGD,25,AP,7395.09598677725,171186372,71.8219833374023,147570,0.274
Barbados,BRB,65,AME,17837.4532247473,281635,106.39241027832,430,0.782
Belarus,BLR,39,ECA,22590.5909223364,9208701,94.5358963012695,207630,0.175
Belgium,BEL,73,WE/EU,65027.2948954044,11669446,143.163513183594,30530,0.887
Benin,BEN,43,SSA,4056.10834076599,13352864,45.3651695251465,114760,0.45
Bhutan,BTN,68,AP,12036.3640775011,782455,88.1928405761719,38390,0.535
Bosnia and Herzegovina,BIH,34,ECA,20376.8921942473,3233526,85.2915191650391,51210,0.528
Botswana,BWA,60,SSA,18323.0457028393,2630296,70.0183868408203,581730,0.577
Brazil,BRA,38,AME,17821.7372609877,215313498,106.651901245117,8515770,0.678
Bulgaria,BGR,43,WE/EU,33582.2826109196,6465097,89.7356414794922,111000,0.688
Burkina Faso,BFA,42,SSA,2545.86354868676,22673762,33.724910736084,274220,0.295
Burundi,BDI,17,SSA,836.18756902761,12889576,41.9843559265137,27830,0.189
Cabo Verde,CPV,60,SSA,9082.83764344039,593149,84.1088104248047,4030,0.75
Cambodia,KHM,24,AP,5349.46379391855,16767842,57.9598846435547,181040,0.206
Cameroon,CMR,26,SSA,4408.04627354922,27914536,45.143669128418,475440,0.297
Canada,CAN,74,AME,58399.5454813184,38929902,109.333061218262,15634410,0.847
Central African Republic,CAF,24,SSA,967.268323827568,5579144,15.42516040802,622980,0.321
Chad,TCD,19,SSA,1668.02296131439,17723315,24.0918598175049,1284000,0.14
Chile,CHL,67,AME,30208.805531053,19603733,106.673522949219,756700,0.811
China,CHN,45,AP,21475.610527214,1412175000,93.3106079101562,9562910,0.075
Colombia,COL,39,AME,20287.4002631682,51874024,102.987998962402,1140619.05,0.689
Comoros,COM,19,SSA,3832.4689846225,836774,62.869499206543,1861,0.284
Costa Rica,CRI,54,AME,24922.659274084,5180829,141.202713012695,51100,0.871
Cote d'Ivoire,CIV,37,SSA,6538.29641989437,28160542,55.0669403076172,322460,0.437
Croatia,HRV,50,WE/EU,40379.5724355217,3854000,102.984100341797,88070,0.738
Cyprus,CYP,52,WE/EU,49930.8671875,1251488,102.499496459961,9250,0.777
Czechia,CZE,56,WE/EU,49945.5001044375,10526073,100.097846984863,78871.04,0.853
Denmark,DNK,90,WE/EU,74005.4785197575,5903037,131.772018432617,42920,0.916
Djibouti,DJI,30,SSA,5893.18486342005,1120849,45.0077781677246,23200,0.255
Dominican Republic,DOM,32,AME,22833.5257548031,11228821,76.3084716796875,146839.31,0.679
Ecuador,ECU,36,AME,12822.1137763438,18001000,98.1546936035156,256370,0.657
Qatar,QAT,58,MENA,114648.031550383,2695122,107.666152954102,11490,0.088
El Salvador,SLV,33,AME,11096.2132011865,6336392,64.2855682373047,21040,0.378
Eritrea,ERI,22,SSA,1628.75050902937,3684032,42.7937088012695,121630.327,0.073
Estonia,EST,74,WE/EU,46697.3597360426,1344768,113.01091003418,45340,0.893
Eswatini,SWZ,30,SSA,10782.1513723806,1201670,85.9756088256836,17360,0.12
Ethiopia,ETH,38,SSA,2811.58174439039,123379924,34.8671417236328,1136239.544,0.319
Fiji,FJI,53,AP,14125.2957463901,929766,84.1122055053711,18270,0.406
Finland,FIN,87,WE/EU,59026.7073352151,5556880,143.361343383789,338470,0.861
France,FRA,72,WE/EU,55492.5655467571,67935660,104.415031433105,549086.87,0.874
Gabon,GAB,29,SSA,16470.5835350355,2388992,67.1427764892578,267670,0.369
Georgia,GEO,56,ECA,20113.3772367561,3712502,103.779502868652,69700,0.647
Germany,DEU,79,WE/EU,63149.5986898098,84079811,101.203536987305,357590,0.857
Ghana,GHA,43,SSA,6498.38572689223,33475870,75.3132629394531,238530,0.633
Greece,GRC,52,WE/EU,36834.8710885703,10566531,105.525001525879,131960,0.783
Guatemala,GTM,24,AME,10818.1717242445,17357886,46.1119003295898,108890,0.435
Guinea,GIN,25,SSA,3187.01934316651,13859341,35.9549407958984,245860,0.191
Guyana,GUY,40,AME,40641.7873448486,808726,105.690780639648,214970,0.535
Honduras,HND,23,AME,6741.09694744697,10432860,64.1757583618164,112490,0.556
Hungary,HUN,42,WE/EU,41906.6555658699,9683505,99.6919326782227,93030,0.445
Iceland,ISL,74,WE/EU,69081.261667188,381900,115.156303405762,103000,0.819
India,IND,40,AP,8379.06248736089,1417173173,78.812614440918,3287260,0.399
Indonesia,IDN,34,AP,14652.9282752376,275501339,98.9717330932617,1916906.77,0.574
Jordan,JOR,47,MENA,11003.1245205792,11285869,70.9370422363281,89318,0.259
Ireland,IRL,77,WE/EU,126905.198534476,5086988,135.252197265625,70280,0.889
Bahrain,BHR,44,MENA,61227.8972211496,1472233,103.490966796875,790,0.122
Italy,ITA,56,WE/EU,51864.9777354821,58856847,102.331283569336,302068,0.844
Jamaica,JAM,44,AME,11821.5849455897,2827377,83.871467590332,10990,0.797
Japan,JPN,73,AP,45572.7238228213,125124989,102.844802856445,377974,0.833
Oman,OMN,44,MENA,41724.3387962114,4576298,91.9760131835938,309500,0.17
Kazakhstan,KAZ,36,ECA,30809.8794265678,19621972,94.4198989868164,2724900,0.277
Kuwait,KWT,42,MENA,58056.2326894471,4268873,95.2544174194336,17820,0.317
Latvia,LVA,59,WE/EU,39956.1904770152,1883379,105.814010620117,64590,0.821
Tunisia,TUN,40,MENA,12489.7180681742,12356117,91.1704330444336,163610,0.307
Lesotho,LSO,37,SSA,2694.54661561976,2305825,59.820140838623,30360,0.641
Liberia,LBR,26,SSA,1724.99785498788,5302681,37.8051300048828,111370,0.634
Morocco,MAR,38,MENA,9518.7060546875,37457971,86.2332000732422,446550,0.264
Lithuania,LTU,62,WE/EU,48396.6935449884,2833000,109.326232910156,65290,0.797
Luxembourg,LUX,77,WE/EU,142213.851685246,650774,106.482757568359,2590,0.881
Madagascar,MDG,26,SSA,1774.06870896083,29611714,35.1450653076172,587295,0.495
Malawi,MWI,34,SSA,1732.03034334458,20405317,35.3278694152832,118480,0.642
Malaysia,MYS,47,AP,33433.6173982921,33938221,84.5425033569336,330411,0.438
Maldives,MDV,40,AP,24771.7229399701,523787,70.7690811157227,300,0.583
Mali,MLI,28,SSA,2517.14726297399,22593590,35.3616600036621,1240190,0.235
Malta,MLT,51,WE/EU,55927.8593837575,523417,103.094459533691,320,0.782
Mauritania,MRT,30,SSA,6424.11689465832,4736139,35.8889999389648,1030700,0.395
Mauritius,MUS,50,SSA,26905.9186190916,1262523,92.1774673461914,2007,0.521
Mexico,MEX,31,AME,21512.2695445099,127504125,98.3202514648438,1964375,0.598
Moldova,MDA,39,ECA,15238.1482100206,2592477,96.7841491699219,33850,0.752
Mongolia,MNG,33,AP,14230.2335543192,3398366,97.6302032470703,1564116,0.566
Montenegro,MNE,45,ECA,26984.0688997887,616159,91.2607498168945,13810,0.501
Algeria,DZA,33,MENA,13209.5967685963,44903225,105.932548522949,2381741,0.281
Mozambique,MOZ,26,SSA,1467.7697663869,32969518,37.8922386169434,799380,0.362
Myanmar,MMR,23,AP,4870.02149904408,54179306,75.6469802856445,676590,0.093
Nepal,NPL,34,AP,4725.0412440518,30547580,83.9228057861328,147180,0.646
Netherlands,NLD,80,WE/EU,69577.4045796776,17703090,115.116073608398,41540,0.852
New Zealand,NZL,87,AP,51966.8625777626,5124100,117.595428466797,267710,0.889
Nicaragua,NIC,19,AME,6874.8118293988,6948392,67.9309005737305,130370,0.177
Niger,NER,32,SSA,1505.24267567992,26207977,23.7854804992676,1267000,0.511
Nigeria,NGA,24,SSA,5860.29373601491,218541212,47.2372283935547,923770,0.49
North Macedonia,MKD,40,ECA,20161.7509096161,2057679,80.1349792480469,25710,0.551
Norway,NOR,84,WE/EU,114898.759885569,5457127,119.816871643066,624500,0.899
Pakistan,PAK,27,AP,6437.16266275667,235824862,41.8552360534668,796100,0.388
Panama,PAN,36,AME,39279.6753765989,4408581,82.8732299804688,75320,0.729
Papua New Guinea,PNG,30,AP,4446.61793832919,10142619,44.4107818603516,462840,0.458
Paraguay,PRY,28,AME,15977.3116536226,6780744,82.0107879638672,406752,0.581
Peru,PER,36,AME,15047.5183272037,34049588,99.1219863891602,1285220,0.744
Philippines,PHL,33,AP,10133.1958943127,115559009,93.6653366088867,300000,0.431
Poland,POL,55,WE/EU,43268.5437126031,37561599,105.501426696777,312710,0.574
Portugal,PRT,62,WE/EU,41451.6148656947,10379007,118.324661254883,92230,0.846
Romania,ROU,46,WE/EU,41887.9219020734,18956666,86.1970901489258,238400,0.689
Rwanda,RWA,51,SSA,2792.42162516676,13776698,41.8784790039062,26340,0.228
Sao Tome and Principe,STP,45,SSA,4738.19172200981,227380,90.3803787231445,960,0.684
Senegal,SEN,43,SSA,4208.96497879788,17316449,46.9506912231445,196710,0.69
Serbia,SRB,36,ECA,23911.2012200009,6760087,91.4587631225586,84990,0.361
Seychelles,SYC,70,SSA,35227.817901437,100060,76.8818664550781,460,0.761
Sierra Leone,SLE,34,SSA,1931.06733078033,8605718,40.0794486999512,72300,0.559
Singapore,SGP,83,AP,127564.556573776,5637022,103.041877746582,728,0.425
Slovenia,SVN,56,WE/EU,50031.6561840507,2108732,108.17887878418,20480,0.799
Solomon Islands,SLB,42,AP,2654.09111021733,724273,48.2561302185059,28900,0.618
Somalia,SOM,12,SSA,1364.10169058781,17597511,5.46022462844849,637660,0.162
South Africa,ZAF,43,SSA,15904.848362637,59893885,111.801963806152,1219090,0.692
South Sudan,SSD,13,SSA,1181.93160266504,10913164,11.2309503555298,646883,0.129
Spain,ESP,60,WE/EU,45825.1956330087,47615034,119.114921569824,505964.594,0.873
Sri Lanka,LKA,36,AP,14405.4159547053,22181000,91.013557434082,65610,0.575
Sudan,SDN,22,SSA,4216.02490234375,46874204,48.3620414733887,1878000,0.169
Suriname,SUR,40,AME,17619.8029343957,618040,65.6098480224609,163820,0.77
Sweden,SWE,83,WE/EU,64578.3963325427,10486941,138.688186645508,528860.72,0.899
Switzerland,CHE,82,WE/EU,83598.453356565,8769741,103.605186462402,41290.7,0.898
Tajikistan,TJK,24,ECA,4885.12570059687,9952787,87.2052230834961,141379,0.175
Tanzania,TZA,38,SSA,3096.88452148438,65497748,27.9080696105957,947300,0.398
Thailand,THA,36,AP,20671.6849201656,71697030,105.599586486816,513120,0.206
Timor-Leste,TLS,42,AP,4828.32547036102,1341296,85.2118530273438,14870,0.695
Togo,TGO,30,SSA,2607.92768076896,8848699,64.290901184082,56790,0.426
Turkmenistan,TKM,19,ECA,15628.4577257404,6430770,95.6963424682617,488100,0.149
Uganda,UGA,26,SSA,2693.81528630238,47249585,24.0003337860107,241550,0.285
Ukraine,UKR,33,ECA,12671.2392578125,38000000,84.6516265869141,603550,0.406
United Kingdom,GBR,73,WE/EU,54602.544380158,66971411,113.035621643066,243610,0.843
Uruguay,URY,74,AME,28841.9857002361,3422794,120.236488342285,176220,0.804
Uzbekistan,UZB,31,ECA,9532.51186508938,35648100,88.7964630126953,448924,0.221
Vanuatu,VUT,48,AP,3289.47966806745,326740,75.4229583740234,12190,0.771
Zimbabwe,ZWE,23,SSA,2530.64598671745,16320537,51.8495788574219,390760,0.285
